id,item_id1,count1,level1,skill1,item_id2,count2,level2,skill2,item_id3,count3,level3,skill3,item_id4,count4,level4,skill4,item_id5,count5,level5,skill5,item_id6,count6,level6,skill6,stat_type1,modify_type1,modify_value1,stat_type2,modify_type2,modify_value2,stat_type3,modify_type3,modify_value3
1,10110000,1,0,TRUE,10211000,1,0,TRUE,10510000,1,0,TRUE,10120000,1,0,TRUE,10222000,1,0,TRUE,,,,,HP,Add,310,ATK,Add,110,DEF,Add,22
2,10110000,1,0,TRUE,10114000,1,0,TRUE,,,,,,,,,,,,,,,,,ATK,Add,177,,,,,,
3,10120000,1,0,TRUE,10124000,1,0,TRUE,,,,,,,,,,,,,,,,,ATK,Add,125,,,,,,
4,10133000,1,0,TRUE,10134000,1,0,TRUE,,,,,,,,,,,,,,,,,ATK,Add,520,,,,,,
5,10132001,1,0,TRUE,10133001,1,0,TRUE,10134001,1,0,TRUE,,,,,,,,,,,,,ATK,Add,1032,,,,,,
6,10141000,1,0,TRUE,10142000,1,0,TRUE,10143000,1,0,TRUE,10144000,1,0,TRUE,10140000,1,0,TRUE,,,,,ATK,Add,6275,,,,,,
7,10151000,1,0,TRUE,10152000,1,0,TRUE,10153000,1,0,TRUE,10154000,1,0,TRUE,10150000,1,0,TRUE,,,,,ATK,Add,13420,,,,,,
8,10211000,1,0,TRUE,10214000,1,0,TRUE,,,,,,,,,,,,,,,,,HP,Add,1200,,,,,,
9,10222000,1,0,TRUE,10224000,1,0,TRUE,,,,,,,,,,,,,,,,,HP,Add,2862,,,,,,
10,10233000,1,0,TRUE,10234000,1,0,TRUE,,,,,,,,,,,,,,,,,HP,Add,9470,,,,,,
11,10230001,1,0,TRUE,10231001,1,0,TRUE,10232001,1,0,TRUE,10233001,1,0,TRUE,,,,,,,,,HP,Add,10217,,,,,,
12,10241000,1,0,TRUE,10242000,1,0,TRUE,10243000,1,0,TRUE,10244000,1,0,TRUE,10240000,1,0,TRUE,,,,,HP,Add,73807,,,,,,
13,10251001,1,0,TRUE,10252001,1,0,TRUE,10253001,1,0,TRUE,10254001,1,0,TRUE,10250001,1,0,TRUE,,,,,HP,Add,149485,,,,,,
14,10314000,1,0,TRUE,,,,,,,,,,,,,,,,,,,,,HIT,Add,305,,,,,,
15,10323000,1,0,TRUE,10324000,1,0,TRUE,,,,,,,,,,,,,,,,,HIT,Add,1012,,,,,,
16,10331000,1,0,TRUE,10334000,1,0,TRUE,,,,,,,,,,,,,,,,,HIT,Add,1617,,,,,,
17,10343000,1,0,TRUE,,,,,,,,,,,,,,,,,,,,,HIT,Add,1145,,,,,,
18,10351000,1,0,TRUE,10352000,1,0,TRUE,10353000,1,0,TRUE,10354000,1,0,TRUE,10350000,1,0,TRUE,,,,,HIT,Add,14890,,,,,,
19,10413000,1,0,TRUE,,,,,,,,,,,,,,,,,,,,,SPD,Add,177,,,,,,
20,10423000,1,0,TRUE,10424000,1,0,TRUE,,,,,,,,,,,,,,,,,SPD,Add,1340,,,,,,
21,10433000,1,0,TRUE,10434000,1,0,TRUE,,,,,,,,,,,,,,,,,SPD,Add,2240,,,,,,
22,10440000,1,0,TRUE,,,,,,,,,,,,,,,,,,,,,SPD,Add,1015,,,,,,
23,10451000,1,0,TRUE,10452000,1,0,TRUE,10453000,1,0,TRUE,10454000,1,0,TRUE,10450000,1,0,TRUE,,,,,SPD,Add,15162,,,,,,
24,10510000,1,0,TRUE,10514000,1,0,TRUE,,,,,,,,,,,,,,,,,DEF,Add,55,,,,,,
25,10521000,1,0,TRUE,10523000,1,0,TRUE,10524000,1,0,TRUE,,,,,,,,,,,,,DEF,Add,162,,,,,,
26,10531000,1,0,TRUE,10533000,1,0,TRUE,10534000,1,0,TRUE,,,,,,,,,,,,,DEF,Add,292,,,,,,
27,10541000,1,0,TRUE,10542000,1,0,TRUE,10543000,1,0,TRUE,10544000,1,0,TRUE,10540000,1,0,TRUE,,,,,DEF,Add,1750,,,,,,
28,10551000,1,0,TRUE,10552000,1,0,TRUE,10553000,1,0,TRUE,10554000,1,0,TRUE,10550000,1,0,TRUE,,,,,DEF,Add,4122,,,,,,
29,10351001,1,0,TRUE,10352001,1,0,TRUE,10353001,1,0,TRUE,10354001,1,0,TRUE,10350001,1,0,TRUE,,,,,HIT,Add,31820,,,,,,
30,10451001,1,0,TRUE,10452001,1,0,TRUE,10453001,1,0,TRUE,10454001,1,0,TRUE,10450001,1,0,TRUE,,,,,SPD,Add,33490,,,,,,
31,10110000,1,2,TRUE,10114000,1,2,TRUE,,,,,,,,,,,,,,,,,ATK,Percentage,1,,,,,,
32,10120000,1,2,TRUE,10124000,1,2,TRUE,,,,,,,,,,,,,,,,,ATK,Percentage,1,,,,,,
33,10133000,1,2,TRUE,10134000,1,2,TRUE,,,,,,,,,,,,,,,,,ATK,Percentage,1,,,,,,
34,10132001,1,2,TRUE,10133001,1,2,TRUE,10134001,1,2,TRUE,,,,,,,,,,,,,ATK,Percentage,1,,,,,,
35,10140000,1,2,TRUE,10141000,1,2,TRUE,10142000,1,2,TRUE,10143000,1,2,TRUE,10144000,1,2,TRUE,,,,,ATK,Percentage,1,,,,,,
36,10150000,1,2,TRUE,10151000,1,2,TRUE,10152000,1,2,TRUE,10153000,1,2,TRUE,10154000,1,2,TRUE,,,,,ATK,Percentage,1,,,,,,
37,10211000,1,2,TRUE,10214000,1,2,TRUE,,,,,,,,,,,,,,,,,HP,Percentage,1,,,,,,
38,10222000,1,2,TRUE,10224000,1,2,TRUE,,,,,,,,,,,,,,,,,HP,Percentage,1,,,,,,
39,10233000,1,2,TRUE,10234000,1,2,TRUE,,,,,,,,,,,,,,,,,HP,Percentage,1,,,,,,
40,10230001,1,2,TRUE,10231001,1,2,TRUE,10232001,1,2,TRUE,10233001,1,2,TRUE,,,,,,,,,HP,Percentage,1,,,,,,
41,10240000,1,2,TRUE,10241000,1,2,TRUE,10242000,1,2,TRUE,10243000,1,2,TRUE,10244000,1,2,TRUE,,,,,HP,Percentage,1,,,,,,
42,10250001,1,2,TRUE,10251001,1,2,TRUE,10252001,1,2,TRUE,10253001,1,2,TRUE,10254001,1,2,TRUE,,,,,HP,Percentage,1,,,,,,
43,10314000,1,2,TRUE,,,,,,,,,,,,,,,,,,,,,HIT,Percentage,1,,,,,,
44,10323000,1,2,TRUE,10324000,1,2,TRUE,,,,,,,,,,,,,,,,,HIT,Percentage,1,,,,,,
45,10331000,1,2,TRUE,10334000,1,2,TRUE,,,,,,,,,,,,,,,,,HIT,Percentage,1,,,,,,
46,10343000,1,2,TRUE,,,,,,,,,,,,,,,,,,,,,HIT,Percentage,1,,,,,,
47,10350000,1,2,TRUE,10351000,1,2,TRUE,10352000,1,2,TRUE,10353000,1,2,TRUE,10354000,1,2,TRUE,,,,,HIT,Percentage,1,,,,,,
48,10413000,1,2,TRUE,,,,,,,,,,,,,,,,,,,,,SPD,Percentage,1,,,,,,
49,10423000,1,2,TRUE,10424000,1,2,TRUE,,,,,,,,,,,,,,,,,SPD,Percentage,1,,,,,,
50,10433000,1,2,TRUE,10434000,1,2,TRUE,,,,,,,,,,,,,,,,,SPD,Percentage,1,,,,,,
51,10440000,1,2,TRUE,,,,,,,,,,,,,,,,,,,,,SPD,Percentage,1,,,,,,
52,10450000,1,2,TRUE,10451000,1,2,TRUE,10452000,1,2,TRUE,10453000,1,2,TRUE,10454000,1,2,TRUE,,,,,SPD,Percentage,1,,,,,,
53,10510000,1,2,TRUE,10514000,1,2,TRUE,,,,,,,,,,,,,,,,,DEF,Percentage,1,,,,,,
54,10521000,1,2,TRUE,10523000,1,2,TRUE,10524000,1,2,TRUE,,,,,,,,,,,,,DEF,Percentage,1,,,,,,
55,10531000,1,2,TRUE,10533000,1,2,TRUE,10534000,1,2,TRUE,,,,,,,,,,,,,DEF,Percentage,1,,,,,,
56,10540000,1,2,TRUE,10541000,1,2,TRUE,10542000,1,2,TRUE,10543000,1,2,TRUE,10544000,1,2,TRUE,,,,,DEF,Percentage,1,,,,,,
57,10550000,1,2,TRUE,10551000,1,2,TRUE,10552000,1,2,TRUE,10553000,1,2,TRUE,10554000,1,2,TRUE,,,,,DEF,Percentage,1,,,,,,
58,10350001,1,2,TRUE,10351001,1,2,TRUE,10352001,1,2,TRUE,10353001,1,2,TRUE,10354001,1,2,TRUE,,,,,HIT,Percentage,1,,,,,,
59,10450001,1,2,TRUE,10451001,1,2,TRUE,10452001,1,2,TRUE,10453001,1,2,TRUE,10454001,1,2,TRUE,,,,,SPD,Percentage,1,,,,,,
60,10110000,1,4,TRUE,,,,,,,,,,,,,,,,,,,,,ATK,Add,500,,,,,,
61,10114000,1,4,TRUE,,,,,,,,,,,,,,,,,,,,,ATK,Add,500,,,,,,
62,10120000,1,4,TRUE,,,,,,,,,,,,,,,,,,,,,ATK,Add,500,,,,,,
63,10124000,1,4,TRUE,,,,,,,,,,,,,,,,,,,,,ATK,Add,500,,,,,,
64,10133000,1,4,TRUE,,,,,,,,,,,,,,,,,,,,,ATK,Add,500,,,,,,
65,10134000,1,4,TRUE,,,,,,,,,,,,,,,,,,,,,ATK,Add,505,,,,,,
66,10132001,1,4,TRUE,,,,,,,,,,,,,,,,,,,,,ATK,Add,500,,,,,,
67,10133001,1,4,TRUE,,,,,,,,,,,,,,,,,,,,,ATK,Add,662,,,,,,
68,10134001,1,4,TRUE,,,,,,,,,,,,,,,,,,,,,ATK,Add,707,,,,,,
69,10140000,1,4,TRUE,,,,,,,,,,,,,,,,,,,,,ATK,Add,2262,,,,,,
70,10141000,1,4,TRUE,,,,,,,,,,,,,,,,,,,,,ATK,Add,1415,,,,,,
71,10142000,1,4,TRUE,,,,,,,,,,,,,,,,,,,,,ATK,Add,1627,,,,,,
72,10143000,1,4,TRUE,,,,,,,,,,,,,,,,,,,,,ATK,Add,1840,,,,,,
73,10144000,1,4,TRUE,,,,,,,,,,,,,,,,,,,,,ATK,Add,2052,,,,,,
74,10150000,1,4,TRUE,,,,,,,,,,,,,,,,,,,,,ATK,Add,8657,,,,,,
75,10151000,1,4,TRUE,,,,,,,,,,,,,,,,,,,,,ATK,Add,6182,,,,,,
76,10152000,1,4,TRUE,,,,,,,,,,,,,,,,,,,,,ATK,Add,6182,,,,,,
77,10153000,1,4,TRUE,,,,,,,,,,,,,,,,,,,,,ATK,Add,8657,,,,,,
78,10154000,1,4,TRUE,,,,,,,,,,,,,,,,,,,,,ATK,Add,8657,,,,,,
79,10211000,1,4,TRUE,,,,,,,,,,,,,,,,,,,,,HP,Add,3000,,,,,,
80,10214000,1,4,TRUE,,,,,,,,,,,,,,,,,,,,,HP,Add,3000,,,,,,
81,10222000,1,4,TRUE,,,,,,,,,,,,,,,,,,,,,HP,Add,3000,,,,,,
82,10224000,1,4,TRUE,,,,,,,,,,,,,,,,,,,,,HP,Add,3740,,,,,,
83,10233000,1,4,TRUE,,,,,,,,,,,,,,,,,,,,,HP,Add,6125,,,,,,
84,10234000,1,4,TRUE,,,,,,,,,,,,,,,,,,,,,HP,Add,7737,,,,,,
85,10230001,1,4,TRUE,,,,,,,,,,,,,,,,,,,,,HP,Add,3000,,,,,,
86,10231001,1,4,TRUE,,,,,,,,,,,,,,,,,,,,,HP,Add,3000,,,,,,
87,10232001,1,4,TRUE,,,,,,,,,,,,,,,,,,,,,HP,Add,3000,,,,,,
88,10233001,1,4,TRUE,,,,,,,,,,,,,,,,,,,,,HP,Add,8405,,,,,,
89,10240000,1,4,TRUE,,,,,,,,,,,,,,,,,,,,,HP,Add,25215,,,,,,
90,10241000,1,4,TRUE,,,,,,,,,,,,,,,,,,,,,HP,Add,18010,,,,,,
91,10242000,1,4,TRUE,,,,,,,,,,,,,,,,,,,,,HP,Add,19810,,,,,,
92,10243000,1,4,TRUE,,,,,,,,,,,,,,,,,,,,,HP,Add,21612,,,,,,
93,10244000,1,4,TRUE,,,,,,,,,,,,,,,,,,,,,HP,Add,23412,,,,,,
94,10250001,1,4,TRUE,,,,,,,,,,,,,,,,,,,,,HP,Add,49422,,,,,,
95,10251001,1,4,TRUE,,,,,,,,,,,,,,,,,,,,,HP,Add,35300,,,,,,
96,10252001,1,4,TRUE,,,,,,,,,,,,,,,,,,,,,HP,Add,35300,,,,,,
97,10253001,1,4,TRUE,,,,,,,,,,,,,,,,,,,,,HP,Add,49422,,,,,,
98,10254001,1,4,TRUE,,,,,,,,,,,,,,,,,,,,,HP,Add,49422,,,,,,
99,10314000,1,4,TRUE,,,,,,,,,,,,,,,,,,,,,HIT,Add,1500,,,,,,
100,10323000,1,4,TRUE,,,,,,,,,,,,,,,,,,,,,HIT,Add,1500,,,,,,
101,10324000,1,4,TRUE,,,,,,,,,,,,,,,,,,,,,HIT,Add,1500,,,,,,
102,10331000,1,4,TRUE,,,,,,,,,,,,,,,,,,,,,HIT,Add,1500,,,,,,
103,10334000,1,4,TRUE,,,,,,,,,,,,,,,,,,,,,HIT,Add,2110,,,,,,
104,10343000,1,4,TRUE,,,,,,,,,,,,,,,,,,,,,HIT,Add,1677,,,,,,
105,10350000,1,4,TRUE,,,,,,,,,,,,,,,,,,,,,HIT,Add,5367,,,,,,
106,10351000,1,4,TRUE,,,,,,,,,,,,,,,,,,,,,HIT,Add,3355,,,,,,
107,10352000,1,4,TRUE,,,,,,,,,,,,,,,,,,,,,HIT,Add,3857,,,,,,
108,10353000,1,4,TRUE,,,,,,,,,,,,,,,,,,,,,HIT,Add,4360,,,,,,
109,10354000,1,4,TRUE,,,,,,,,,,,,,,,,,,,,,HIT,Add,4865,,,,,,
110,10413000,1,4,TRUE,,,,,,,,,,,,,,,,,,,,,SPD,Add,1250,,,,,,
111,10423000,1,4,TRUE,,,,,,,,,,,,,,,,,,,,,SPD,Add,1250,,,,,,
112,10424000,1,4,TRUE,,,,,,,,,,,,,,,,,,,,,SPD,Add,1250,,,,,,
113,10433000,1,4,TRUE,,,,,,,,,,,,,,,,,,,,,SPD,Add,1572,,,,,,
114,10434000,1,4,TRUE,,,,,,,,,,,,,,,,,,,,,SPD,Add,1707,,,,,,
115,10440000,1,4,TRUE,,,,,,,,,,,,,,,,,,,,,SPD,Add,1485,,,,,,
116,10450000,1,4,TRUE,,,,,,,,,,,,,,,,,,,,,SPD,Add,5465,,,,,,
117,10451000,1,4,TRUE,,,,,,,,,,,,,,,,,,,,,SPD,Add,3415,,,,,,
118,10452000,1,4,TRUE,,,,,,,,,,,,,,,,,,,,,SPD,Add,3927,,,,,,
119,10453000,1,4,TRUE,,,,,,,,,,,,,,,,,,,,,SPD,Add,4440,,,,,,
120,10454000,1,4,TRUE,,,,,,,,,,,,,,,,,,,,,SPD,Add,4952,,,,,,
121,10510000,1,4,TRUE,,,,,,,,,,,,,,,,,,,,,DEF,Add,250,,,,,,
122,10514000,1,4,TRUE,,,,,,,,,,,,,,,,,,,,,DEF,Add,250,,,,,,
123,10521000,1,4,TRUE,,,,,,,,,,,,,,,,,,,,,DEF,Add,250,,,,,,
124,10523000,1,4,TRUE,,,,,,,,,,,,,,,,,,,,,DEF,Add,250,,,,,,
125,10524000,1,4,TRUE,,,,,,,,,,,,,,,,,,,,,DEF,Add,250,,,,,,
126,10531000,1,4,TRUE,,,,,,,,,,,,,,,,,,,,,DEF,Add,250,,,,,,
127,10533000,1,4,TRUE,,,,,,,,,,,,,,,,,,,,,DEF,Add,250,,,,,,
128,10534000,1,4,TRUE,,,,,,,,,,,,,,,,,,,,,DEF,Add,250,,,,,,
129,10540000,1,4,TRUE,,,,,,,,,,,,,,,,,,,,,DEF,Add,630,,,,,,
130,10541000,1,4,TRUE,,,,,,,,,,,,,,,,,,,,,DEF,Add,395,,,,,,
131,10542000,1,4,TRUE,,,,,,,,,,,,,,,,,,,,,DEF,Add,452,,,,,,
132,10543000,1,4,TRUE,,,,,,,,,,,,,,,,,,,,,DEF,Add,512,,,,,,
133,10544000,1,4,TRUE,,,,,,,,,,,,,,,,,,,,,DEF,Add,572,,,,,,
134,10550000,1,4,TRUE,,,,,,,,,,,,,,,,,,,,,DEF,Add,2777,,,,,,
135,10551000,1,4,TRUE,,,,,,,,,,,,,,,,,,,,,DEF,Add,1725,,,,,,
136,10552000,1,4,TRUE,,,,,,,,,,,,,,,,,,,,,DEF,Add,1725,,,,,,
137,10553000,1,4,TRUE,,,,,,,,,,,,,,,,,,,,,DEF,Add,2777,,,,,,
138,10554000,1,4,TRUE,,,,,,,,,,,,,,,,,,,,,DEF,Add,2777,,,,,,
139,10350001,1,4,TRUE,,,,,,,,,,,,,,,,,,,,,SPD,Add,20525,,,,,,
140,10351001,1,4,TRUE,,,,,,,,,,,,,,,,,,,,,SPD,Add,14660,,,,,,
141,10352001,1,4,TRUE,,,,,,,,,,,,,,,,,,,,,SPD,Add,14660,,,,,,
142,10353001,1,4,TRUE,,,,,,,,,,,,,,,,,,,,,SPD,Add,20525,,,,,,
143,10354001,1,4,TRUE,,,,,,,,,,,,,,,,,,,,,SPD,Add,20525,,,,,,
144,10450001,1,4,TRUE,,,,,,,,,,,,,,,,,,,,,HIT,Add,21937,,,,,,
145,10451001,1,4,TRUE,,,,,,,,,,,,,,,,,,,,,HIT,Add,14925,,,,,,
146,10452001,1,4,TRUE,,,,,,,,,,,,,,,,,,,,,HIT,Add,14925,,,,,,
147,10453001,1,4,TRUE,,,,,,,,,,,,,,,,,,,,,HIT,Add,21937,,,,,,
148,10454001,1,4,TRUE,,,,,,,,,,,,,,,,,,,,,HIT,Add,21937,,,,,,
149,10110000,1,7,TRUE,,,,,,,,,,,,,,,,,,,,,ATK,Percentage,1,,,,,,
150,10114000,1,7,TRUE,,,,,,,,,,,,,,,,,,,,,ATK,Percentage,1,,,,,,
151,10120000,1,7,TRUE,,,,,,,,,,,,,,,,,,,,,ATK,Percentage,1,,,,,,
152,10124000,1,7,TRUE,,,,,,,,,,,,,,,,,,,,,ATK,Percentage,1,,,,,,
153,10133000,1,7,TRUE,,,,,,,,,,,,,,,,,,,,,ATK,Percentage,1,,,,,,
154,10134000,1,7,TRUE,,,,,,,,,,,,,,,,,,,,,ATK,Percentage,1,,,,,,
155,10132001,1,7,TRUE,,,,,,,,,,,,,,,,,,,,,ATK,Percentage,1,,,,,,
156,10133001,1,7,TRUE,,,,,,,,,,,,,,,,,,,,,ATK,Percentage,1,,,,,,
157,10134001,1,7,TRUE,,,,,,,,,,,,,,,,,,,,,ATK,Percentage,1,,,,,,
158,10140000,1,7,TRUE,,,,,,,,,,,,,,,,,,,,,ATK,Percentage,2,,,,,,
159,10141000,1,7,TRUE,,,,,,,,,,,,,,,,,,,,,ATK,Percentage,2,,,,,,
160,10142000,1,7,TRUE,,,,,,,,,,,,,,,,,,,,,ATK,Percentage,2,,,,,,
161,10143000,1,7,TRUE,,,,,,,,,,,,,,,,,,,,,ATK,Percentage,2,,,,,,
162,10144000,1,7,TRUE,,,,,,,,,,,,,,,,,,,,,ATK,Percentage,2,,,,,,
163,10150000,1,7,TRUE,,,,,,,,,,,,,,,,,,,,,ATK,Percentage,3,,,,,,
164,10151000,1,7,TRUE,,,,,,,,,,,,,,,,,,,,,ATK,Percentage,3,,,,,,
165,10152000,1,7,TRUE,,,,,,,,,,,,,,,,,,,,,ATK,Percentage,3,,,,,,
166,10153000,1,7,TRUE,,,,,,,,,,,,,,,,,,,,,ATK,Percentage,3,,,,,,
167,10154000,1,7,TRUE,,,,,,,,,,,,,,,,,,,,,ATK,Percentage,3,,,,,,
168,10211000,1,7,TRUE,,,,,,,,,,,,,,,,,,,,,HP,Percentage,1,,,,,,
169,10214000,1,7,TRUE,,,,,,,,,,,,,,,,,,,,,HP,Percentage,1,,,,,,
170,10222000,1,7,TRUE,,,,,,,,,,,,,,,,,,,,,HP,Percentage,1,,,,,,
171,10224000,1,7,TRUE,,,,,,,,,,,,,,,,,,,,,HP,Percentage,1,,,,,,
172,10233000,1,7,TRUE,,,,,,,,,,,,,,,,,,,,,HP,Percentage,1,,,,,,
173,10234000,1,7,TRUE,,,,,,,,,,,,,,,,,,,,,HP,Percentage,1,,,,,,
174,10230001,1,7,TRUE,,,,,,,,,,,,,,,,,,,,,HP,Percentage,1,,,,,,
175,10231001,1,7,TRUE,,,,,,,,,,,,,,,,,,,,,HP,Percentage,1,,,,,,
176,10232001,1,7,TRUE,,,,,,,,,,,,,,,,,,,,,HP,Percentage,1,,,,,,
177,10233001,1,7,TRUE,,,,,,,,,,,,,,,,,,,,,HP,Percentage,1,,,,,,
178,10240000,1,7,TRUE,,,,,,,,,,,,,,,,,,,,,HP,Percentage,2,,,,,,
179,10241000,1,7,TRUE,,,,,,,,,,,,,,,,,,,,,HP,Percentage,2,,,,,,
180,10242000,1,7,TRUE,,,,,,,,,,,,,,,,,,,,,HP,Percentage,2,,,,,,
181,10243000,1,7,TRUE,,,,,,,,,,,,,,,,,,,,,HP,Percentage,2,,,,,,
182,10244000,1,7,TRUE,,,,,,,,,,,,,,,,,,,,,HP,Percentage,2,,,,,,
183,10250001,1,7,TRUE,,,,,,,,,,,,,,,,,,,,,HP,Percentage,3,,,,,,
184,10251001,1,7,TRUE,,,,,,,,,,,,,,,,,,,,,HP,Percentage,3,,,,,,
185,10252001,1,7,TRUE,,,,,,,,,,,,,,,,,,,,,HP,Percentage,3,,,,,,
186,10253001,1,7,TRUE,,,,,,,,,,,,,,,,,,,,,HP,Percentage,3,,,,,,
187,10254001,1,7,TRUE,,,,,,,,,,,,,,,,,,,,,HP,Percentage,3,,,,,,
188,10314000,1,7,TRUE,,,,,,,,,,,,,,,,,,,,,SPD,Percentage,1,,,,,,
189,10323000,1,7,TRUE,,,,,,,,,,,,,,,,,,,,,SPD,Percentage,1,,,,,,
190,10324000,1,7,TRUE,,,,,,,,,,,,,,,,,,,,,SPD,Percentage,1,,,,,,
191,10331000,1,7,TRUE,,,,,,,,,,,,,,,,,,,,,SPD,Percentage,1,,,,,,
192,10334000,1,7,TRUE,,,,,,,,,,,,,,,,,,,,,SPD,Percentage,1,,,,,,
193,10343000,1,7,TRUE,,,,,,,,,,,,,,,,,,,,,SPD,Percentage,1,,,,,,
194,10350000,1,7,TRUE,,,,,,,,,,,,,,,,,,,,,SPD,Percentage,1,,,,,,
195,10351000,1,7,TRUE,,,,,,,,,,,,,,,,,,,,,SPD,Percentage,1,,,,,,
196,10352000,1,7,TRUE,,,,,,,,,,,,,,,,,,,,,SPD,Percentage,1,,,,,,
197,10353000,1,7,TRUE,,,,,,,,,,,,,,,,,,,,,SPD,Percentage,1,,,,,,
198,10354000,1,7,TRUE,,,,,,,,,,,,,,,,,,,,,SPD,Percentage,1,,,,,,
199,10413000,1,7,TRUE,,,,,,,,,,,,,,,,,,,,,HIT,Percentage,2,,,,,,
200,10423000,1,7,TRUE,,,,,,,,,,,,,,,,,,,,,HIT,Percentage,2,,,,,,
201,10424000,1,7,TRUE,,,,,,,,,,,,,,,,,,,,,HIT,Percentage,2,,,,,,
202,10433000,1,7,TRUE,,,,,,,,,,,,,,,,,,,,,HIT,Percentage,2,,,,,,
203,10434000,1,7,TRUE,,,,,,,,,,,,,,,,,,,,,HIT,Percentage,2,,,,,,
204,10440000,1,7,TRUE,,,,,,,,,,,,,,,,,,,,,HIT,Percentage,2,,,,,,
205,10450000,1,7,TRUE,,,,,,,,,,,,,,,,,,,,,HIT,Percentage,2,,,,,,
206,10451000,1,7,TRUE,,,,,,,,,,,,,,,,,,,,,HIT,Percentage,2,,,,,,
207,10452000,1,7,TRUE,,,,,,,,,,,,,,,,,,,,,HIT,Percentage,2,,,,,,
208,10453000,1,7,TRUE,,,,,,,,,,,,,,,,,,,,,HIT,Percentage,2,,,,,,
209,10454000,1,7,TRUE,,,,,,,,,,,,,,,,,,,,,HIT,Percentage,2,,,,,,
210,10510000,1,7,TRUE,,,,,,,,,,,,,,,,,,,,,DEF,Percentage,1,,,,,,
211,10514000,1,7,TRUE,,,,,,,,,,,,,,,,,,,,,DEF,Percentage,1,,,,,,
212,10521000,1,7,TRUE,,,,,,,,,,,,,,,,,,,,,DEF,Percentage,1,,,,,,
213,10523000,1,7,TRUE,,,,,,,,,,,,,,,,,,,,,DEF,Percentage,1,,,,,,
214,10524000,1,7,TRUE,,,,,,,,,,,,,,,,,,,,,DEF,Percentage,1,,,,,,
215,10531000,1,7,TRUE,,,,,,,,,,,,,,,,,,,,,DEF,Percentage,1,,,,,,
216,10533000,1,7,TRUE,,,,,,,,,,,,,,,,,,,,,DEF,Percentage,1,,,,,,
217,10534000,1,7,TRUE,,,,,,,,,,,,,,,,,,,,,DEF,Percentage,1,,,,,,
218,10540000,1,7,TRUE,,,,,,,,,,,,,,,,,,,,,DEF,Percentage,2,,,,,,
219,10541000,1,7,TRUE,,,,,,,,,,,,,,,,,,,,,DEF,Percentage,2,,,,,,
220,10542000,1,7,TRUE,,,,,,,,,,,,,,,,,,,,,DEF,Percentage,2,,,,,,
221,10543000,1,7,TRUE,,,,,,,,,,,,,,,,,,,,,DEF,Percentage,2,,,,,,
222,10544000,1,7,TRUE,,,,,,,,,,,,,,,,,,,,,DEF,Percentage,2,,,,,,
223,10550000,1,7,TRUE,,,,,,,,,,,,,,,,,,,,,DEF,Percentage,3,,,,,,
224,10551000,1,7,TRUE,,,,,,,,,,,,,,,,,,,,,DEF,Percentage,3,,,,,,
225,10552000,1,7,TRUE,,,,,,,,,,,,,,,,,,,,,DEF,Percentage,3,,,,,,
226,10553000,1,7,TRUE,,,,,,,,,,,,,,,,,,,,,DEF,Percentage,3,,,,,,
227,10554000,1,7,TRUE,,,,,,,,,,,,,,,,,,,,,DEF,Percentage,3,,,,,,
228,10350001,1,7,TRUE,,,,,,,,,,,,,,,,,,,,,SPD,Percentage,3,,,,,,
229,10351001,1,7,TRUE,,,,,,,,,,,,,,,,,,,,,SPD,Percentage,3,,,,,,
230,10352001,1,7,TRUE,,,,,,,,,,,,,,,,,,,,,SPD,Percentage,3,,,,,,
231,10353001,1,7,TRUE,,,,,,,,,,,,,,,,,,,,,SPD,Percentage,3,,,,,,
232,10354001,1,7,TRUE,,,,,,,,,,,,,,,,,,,,,SPD,Percentage,3,,,,,,
233,10450001,1,7,TRUE,,,,,,,,,,,,,,,,,,,,,HIT,Percentage,3,,,,,,
234,10451001,1,7,TRUE,,,,,,,,,,,,,,,,,,,,,HIT,Percentage,3,,,,,,
235,10452001,1,7,TRUE,,,,,,,,,,,,,,,,,,,,,HIT,Percentage,3,,,,,,
236,10453001,1,7,TRUE,,,,,,,,,,,,,,,,,,,,,HIT,Percentage,3,,,,,,
237,10454001,1,7,TRUE,,,,,,,,,,,,,,,,,,,,,HIT,Percentage,3,,,,,,
238,10150001,1,0,TRUE,10151001,1,0,TRUE,10152001,1,0,TRUE,10153001,1,0,TRUE,10154001,1,0,TRUE,,,,,ATK,Add,34260,,,,,,
239,10250000,1,0,TRUE,10251000,1,0,TRUE,10252000,1,0,TRUE,10253000,1,0,TRUE,10254000,1,0,TRUE,,,,,HP,Add,381535,,,,,,
240,10350002,1,0,TRUE,10351002,1,0,TRUE,10352002,1,0,TRUE,10353002,1,0,TRUE,10354002,1,0,TRUE,,,,,SPD,Add,121837,,,,,,
241,10450002,1,0,TRUE,10451002,1,0,TRUE,10452002,1,0,TRUE,10453002,1,0,TRUE,10454002,1,0,TRUE,,,,,HIT,Add,86817,,,,,,
242,10550001,1,0,TRUE,10551001,1,0,TRUE,10552001,1,0,TRUE,10553001,1,0,TRUE,10554001,1,0,TRUE,,,,,DEF,Add,21585,,,,,,
243,10150001,1,2,TRUE,10151001,1,2,TRUE,10152001,1,2,TRUE,10153001,1,2,TRUE,10154001,1,2,TRUE,,,,,ATK,Percentage,1,,,,,,
244,10250000,1,2,TRUE,10251000,1,2,TRUE,10252000,1,2,TRUE,10253000,1,2,TRUE,10254000,1,2,TRUE,,,,,HP,Percentage,1,,,,,,
245,10350002,1,2,TRUE,10351002,1,2,TRUE,10352002,1,2,TRUE,10353002,1,2,TRUE,10354002,1,2,TRUE,,,,,SPD,Percentage,1,,,,,,
246,10450002,1,2,TRUE,10451002,1,2,TRUE,10452002,1,2,TRUE,10453002,1,2,TRUE,10454002,1,2,TRUE,,,,,HIT,Percentage,1,,,,,,
247,10550001,1,2,TRUE,10551001,1,2,TRUE,10552001,1,2,TRUE,10553001,1,2,TRUE,10554001,1,2,TRUE,,,,,DEF,Percentage,1,,,,,,
248,10110000,1,9,TRUE,,,,,,,,,,,,,,,,,,,,,ATK,Percentage,2,,,,,,
249,10114000,1,9,TRUE,,,,,,,,,,,,,,,,,,,,,ATK,Percentage,2,,,,,,
250,10120000,1,9,TRUE,,,,,,,,,,,,,,,,,,,,,ATK,Percentage,2,,,,,,
251,10124000,1,9,TRUE,,,,,,,,,,,,,,,,,,,,,ATK,Percentage,2,,,,,,
252,10133000,1,9,TRUE,,,,,,,,,,,,,,,,,,,,,ATK,Percentage,2,,,,,,
253,10134000,1,9,TRUE,,,,,,,,,,,,,,,,,,,,,ATK,Percentage,2,,,,,,
254,10132001,1,9,TRUE,,,,,,,,,,,,,,,,,,,,,ATK,Percentage,2,,,,,,
255,10133001,1,9,TRUE,,,,,,,,,,,,,,,,,,,,,ATK,Percentage,2,,,,,,
256,10134001,1,9,TRUE,,,,,,,,,,,,,,,,,,,,,ATK,Percentage,2,,,,,,
257,10140000,1,9,TRUE,,,,,,,,,,,,,,,,,,,,,ATK,Percentage,3,,,,,,
258,10141000,1,9,TRUE,,,,,,,,,,,,,,,,,,,,,ATK,Percentage,3,,,,,,
259,10142000,1,9,TRUE,,,,,,,,,,,,,,,,,,,,,ATK,Percentage,3,,,,,,
260,10143000,1,9,TRUE,,,,,,,,,,,,,,,,,,,,,ATK,Percentage,3,,,,,,
261,10144000,1,9,TRUE,,,,,,,,,,,,,,,,,,,,,ATK,Percentage,3,,,,,,
262,10150000,1,9,TRUE,,,,,,,,,,,,,,,,,,,,,ATK,Percentage,4,,,,,,
263,10151000,1,9,TRUE,,,,,,,,,,,,,,,,,,,,,ATK,Percentage,4,,,,,,
264,10152000,1,9,TRUE,,,,,,,,,,,,,,,,,,,,,ATK,Percentage,4,,,,,,
265,10153000,1,9,TRUE,,,,,,,,,,,,,,,,,,,,,ATK,Percentage,4,,,,,,
266,10154000,1,9,TRUE,,,,,,,,,,,,,,,,,,,,,ATK,Percentage,4,,,,,,
267,10211000,1,9,TRUE,,,,,,,,,,,,,,,,,,,,,HP,Percentage,2,,,,,,
268,10214000,1,9,TRUE,,,,,,,,,,,,,,,,,,,,,HP,Percentage,2,,,,,,
269,10222000,1,9,TRUE,,,,,,,,,,,,,,,,,,,,,HP,Percentage,2,,,,,,
270,10224000,1,9,TRUE,,,,,,,,,,,,,,,,,,,,,HP,Percentage,2,,,,,,
271,10233000,1,9,TRUE,,,,,,,,,,,,,,,,,,,,,HP,Percentage,2,,,,,,
272,10234000,1,9,TRUE,,,,,,,,,,,,,,,,,,,,,HP,Percentage,2,,,,,,
273,10230001,1,9,TRUE,,,,,,,,,,,,,,,,,,,,,HP,Percentage,2,,,,,,
274,10231001,1,9,TRUE,,,,,,,,,,,,,,,,,,,,,HP,Percentage,2,,,,,,
275,10232001,1,9,TRUE,,,,,,,,,,,,,,,,,,,,,HP,Percentage,2,,,,,,
276,10233001,1,9,TRUE,,,,,,,,,,,,,,,,,,,,,HP,Percentage,2,,,,,,
277,10240000,1,9,TRUE,,,,,,,,,,,,,,,,,,,,,HP,Percentage,3,,,,,,
278,10241000,1,9,TRUE,,,,,,,,,,,,,,,,,,,,,HP,Percentage,3,,,,,,
279,10242000,1,9,TRUE,,,,,,,,,,,,,,,,,,,,,HP,Percentage,3,,,,,,
280,10243000,1,9,TRUE,,,,,,,,,,,,,,,,,,,,,HP,Percentage,3,,,,,,
281,10244000,1,9,TRUE,,,,,,,,,,,,,,,,,,,,,HP,Percentage,3,,,,,,
282,10250001,1,9,TRUE,,,,,,,,,,,,,,,,,,,,,HP,Percentage,4,,,,,,
283,10251001,1,9,TRUE,,,,,,,,,,,,,,,,,,,,,HP,Percentage,4,,,,,,
284,10252001,1,9,TRUE,,,,,,,,,,,,,,,,,,,,,HP,Percentage,4,,,,,,
285,10253001,1,9,TRUE,,,,,,,,,,,,,,,,,,,,,HP,Percentage,4,,,,,,
286,10254001,1,9,TRUE,,,,,,,,,,,,,,,,,,,,,HP,Percentage,4,,,,,,
287,10314000,1,9,TRUE,,,,,,,,,,,,,,,,,,,,,SPD,Percentage,2,,,,,,
288,10323000,1,9,TRUE,,,,,,,,,,,,,,,,,,,,,SPD,Percentage,2,,,,,,
289,10324000,1,9,TRUE,,,,,,,,,,,,,,,,,,,,,SPD,Percentage,2,,,,,,
290,10331000,1,9,TRUE,,,,,,,,,,,,,,,,,,,,,SPD,Percentage,2,,,,,,
291,10334000,1,9,TRUE,,,,,,,,,,,,,,,,,,,,,SPD,Percentage,2,,,,,,
292,10343000,1,9,TRUE,,,,,,,,,,,,,,,,,,,,,SPD,Percentage,2,,,,,,
293,10350000,1,9,TRUE,,,,,,,,,,,,,,,,,,,,,SPD,Percentage,2,,,,,,
294,10351000,1,9,TRUE,,,,,,,,,,,,,,,,,,,,,SPD,Percentage,2,,,,,,
295,10352000,1,9,TRUE,,,,,,,,,,,,,,,,,,,,,SPD,Percentage,2,,,,,,
296,10353000,1,9,TRUE,,,,,,,,,,,,,,,,,,,,,SPD,Percentage,2,,,,,,
297,10354000,1,9,TRUE,,,,,,,,,,,,,,,,,,,,,SPD,Percentage,2,,,,,,
298,10413000,1,9,TRUE,,,,,,,,,,,,,,,,,,,,,HIT,Percentage,3,,,,,,
299,10423000,1,9,TRUE,,,,,,,,,,,,,,,,,,,,,HIT,Percentage,3,,,,,,
300,10424000,1,9,TRUE,,,,,,,,,,,,,,,,,,,,,HIT,Percentage,3,,,,,,
301,10433000,1,9,TRUE,,,,,,,,,,,,,,,,,,,,,HIT,Percentage,3,,,,,,
302,10434000,1,9,TRUE,,,,,,,,,,,,,,,,,,,,,HIT,Percentage,3,,,,,,
303,10440000,1,9,TRUE,,,,,,,,,,,,,,,,,,,,,HIT,Percentage,3,,,,,,
304,10450000,1,9,TRUE,,,,,,,,,,,,,,,,,,,,,HIT,Percentage,3,,,,,,
305,10451000,1,9,TRUE,,,,,,,,,,,,,,,,,,,,,HIT,Percentage,3,,,,,,
306,10452000,1,9,TRUE,,,,,,,,,,,,,,,,,,,,,HIT,Percentage,3,,,,,,
307,10453000,1,9,TRUE,,,,,,,,,,,,,,,,,,,,,HIT,Percentage,3,,,,,,
308,10454000,1,9,TRUE,,,,,,,,,,,,,,,,,,,,,HIT,Percentage,3,,,,,,
309,10510000,1,9,TRUE,,,,,,,,,,,,,,,,,,,,,DEF,Percentage,2,,,,,,
310,10514000,1,9,TRUE,,,,,,,,,,,,,,,,,,,,,DEF,Percentage,2,,,,,,
311,10521000,1,9,TRUE,,,,,,,,,,,,,,,,,,,,,DEF,Percentage,2,,,,,,
312,10523000,1,9,TRUE,,,,,,,,,,,,,,,,,,,,,DEF,Percentage,2,,,,,,
313,10524000,1,9,TRUE,,,,,,,,,,,,,,,,,,,,,DEF,Percentage,2,,,,,,
314,10531000,1,9,TRUE,,,,,,,,,,,,,,,,,,,,,DEF,Percentage,2,,,,,,
315,10533000,1,9,TRUE,,,,,,,,,,,,,,,,,,,,,DEF,Percentage,2,,,,,,
316,10534000,1,9,TRUE,,,,,,,,,,,,,,,,,,,,,DEF,Percentage,2,,,,,,
317,10540000,1,9,TRUE,,,,,,,,,,,,,,,,,,,,,DEF,Percentage,3,,,,,,
318,10541000,1,9,TRUE,,,,,,,,,,,,,,,,,,,,,DEF,Percentage,3,,,,,,
319,10542000,1,9,TRUE,,,,,,,,,,,,,,,,,,,,,DEF,Percentage,3,,,,,,
320,10543000,1,9,TRUE,,,,,,,,,,,,,,,,,,,,,DEF,Percentage,3,,,,,,
321,10544000,1,9,TRUE,,,,,,,,,,,,,,,,,,,,,DEF,Percentage,3,,,,,,
322,10550000,1,9,TRUE,,,,,,,,,,,,,,,,,,,,,DEF,Percentage,4,,,,,,
323,10551000,1,9,TRUE,,,,,,,,,,,,,,,,,,,,,DEF,Percentage,4,,,,,,
324,10552000,1,9,TRUE,,,,,,,,,,,,,,,,,,,,,DEF,Percentage,4,,,,,,
325,10553000,1,9,TRUE,,,,,,,,,,,,,,,,,,,,,DEF,Percentage,4,,,,,,
326,10554000,1,9,TRUE,,,,,,,,,,,,,,,,,,,,,DEF,Percentage,4,,,,,,
327,10350001,1,9,TRUE,,,,,,,,,,,,,,,,,,,,,SPD,Percentage,4,,,,,,
328,10351001,1,9,TRUE,,,,,,,,,,,,,,,,,,,,,SPD,Percentage,4,,,,,,
329,10352001,1,9,TRUE,,,,,,,,,,,,,,,,,,,,,SPD,Percentage,4,,,,,,
330,10353001,1,9,TRUE,,,,,,,,,,,,,,,,,,,,,SPD,Percentage,4,,,,,,
331,10354001,1,9,TRUE,,,,,,,,,,,,,,,,,,,,,SPD,Percentage,4,,,,,,
332,10450001,1,9,TRUE,,,,,,,,,,,,,,,,,,,,,HIT,Percentage,4,,,,,,
333,10451001,1,9,TRUE,,,,,,,,,,,,,,,,,,,,,HIT,Percentage,4,,,,,,
334,10452001,1,9,TRUE,,,,,,,,,,,,,,,,,,,,,HIT,Percentage,4,,,,,,
335,10453001,1,9,TRUE,,,,,,,,,,,,,,,,,,,,,HIT,Percentage,4,,,,,,
336,10454001,1,9,TRUE,,,,,,,,,,,,,,,,,,,,,HIT,Percentage,4,,,,,,
10001,201000,5,,FALSE,,,,,,,,,,,,,,,,,,,,,CDMG,Percentage,1,,,,,,
10002,201001,5,,FALSE,,,,,,,,,,,,,,,,,,,,,CDMG,Percentage,1,,,,,,
10003,201020,5,,FALSE,,,,,,,,,,,,,,,,,,,,,CDMG,Percentage,1,,,,,,
10004,201021,5,,FALSE,,,,,,,,,,,,,,,,,,,,,CDMG,Percentage,1,,,,,,
10005,201002,5,,FALSE,201005,5,,FALSE,,,,,,,,,,,,,,,,,HP,Add,70,ATK,Add,3,,,
10006,201003,5,,FALSE,201006,5,,FALSE,,,,,,,,,,,,,,,,,HP,Add,106,ATK,Add,5,,,
10007,201004,5,,FALSE,201007,5,,FALSE,,,,,,,,,,,,,,,,,HP,Add,145,ATK,Add,8,,,
10008,201008,5,,FALSE,201011,5,,FALSE,,,,,,,,,,,,,,,,,HP,Add,235,ATK,Add,13,,,
10009,201009,5,,FALSE,201012,5,,FALSE,,,,,,,,,,,,,,,,,HP,Add,313,ATK,Add,17,,,
10010,201010,5,,FALSE,201013,5,,FALSE,,,,,,,,,,,,,,,,,HP,Add,397,ATK,Add,22,,,
10011,201014,5,,FALSE,201017,5,,FALSE,,,,,,,,,,,,,,,,,HP,Add,526,ATK,Add,29,,,
10012,201015,5,,FALSE,201018,5,,FALSE,,,,,,,,,,,,,,,,,HP,Add,631,ATK,Add,35,,,
10013,201016,5,,FALSE,201019,5,,FALSE,,,,,,,,,,,,,,,,,HP,Add,751,ATK,Add,42,,,
10014,201022,5,,FALSE,201025,5,,FALSE,,,,,,,,,,,,,,,,,HP,Add,930,ATK,Add,59,,,
10015,201023,5,,FALSE,201026,5,,FALSE,,,,,,,,,,,,,,,,,HP,Add,1063,ATK,Add,69,,,
10016,201024,5,,FALSE,201027,5,,FALSE,,,,,,,,,,,,,,,,,HP,Add,1323,ATK,Add,84,,,
10017,201028,5,,FALSE,201031,5,,FALSE,,,,,,,,,,,,,,,,,ATK,Add,110,DEF,Add,77,,,
10018,201029,5,,FALSE,201032,5,,FALSE,,,,,,,,,,,,,,,,,ATK,Add,149,DEF,Add,104,,,
10019,201030,5,,FALSE,201033,5,,FALSE,,,,,,,,,,,,,,,,,ATK,Add,272,DEF,Add,190,,,
10020,201000,20,,FALSE,,,,,,,,,,,,,,,,,,,,,CDMG,Percentage,2,,,,,,
10021,201001,20,,FALSE,,,,,,,,,,,,,,,,,,,,,CDMG,Percentage,2,,,,,,
10022,201020,20,,FALSE,,,,,,,,,,,,,,,,,,,,,CDMG,Percentage,2,,,,,,
10023,201021,20,,FALSE,,,,,,,,,,,,,,,,,,,,,CDMG,Percentage,2,,,,,,
10024,201002,20,,FALSE,201005,20,,FALSE,,,,,,,,,,,,,,,,,HP,Add,70,ATK,Add,3,,,
10025,201003,20,,FALSE,201006,20,,FALSE,,,,,,,,,,,,,,,,,HP,Add,106,ATK,Add,5,,,
10026,201004,20,,FALSE,201007,20,,FALSE,,,,,,,,,,,,,,,,,HP,Add,145,ATK,Add,8,,,
10027,201008,20,,FALSE,201011,20,,FALSE,,,,,,,,,,,,,,,,,HP,Add,235,ATK,Add,13,,,
10028,201009,20,,FALSE,201012,20,,FALSE,,,,,,,,,,,,,,,,,HP,Add,313,ATK,Add,17,,,
10029,201010,20,,FALSE,201013,20,,FALSE,,,,,,,,,,,,,,,,,HP,Add,397,ATK,Add,22,,,
10030,201014,20,,FALSE,201017,20,,FALSE,,,,,,,,,,,,,,,,,HP,Add,526,ATK,Add,29,,,
10031,201015,20,,FALSE,201018,20,,FALSE,,,,,,,,,,,,,,,,,HP,Add,631,ATK,Add,35,,,
10032,201016,20,,FALSE,201019,20,,FALSE,,,,,,,,,,,,,,,,,HP,Add,751,ATK,Add,42,,,
10033,201022,20,,FALSE,201025,20,,FALSE,,,,,,,,,,,,,,,,,HP,Add,930,ATK,Add,59,,,
10034,201023,20,,FALSE,201026,20,,FALSE,,,,,,,,,,,,,,,,,HP,Add,1063,ATK,Add,69,,,
10035,201024,20,,FALSE,201027,20,,FALSE,,,,,,,,,,,,,,,,,HP,Add,1323,ATK,Add,84,,,
10036,201028,20,,FALSE,201031,20,,FALSE,,,,,,,,,,,,,,,,,ATK,Add,110,DEF,Add,77,,,
10037,201029,20,,FALSE,201032,20,,FALSE,,,,,,,,,,,,,,,,,ATK,Add,149,DEF,Add,104,,,
10038,201030,20,,FALSE,201033,20,,FALSE,,,,,,,,,,,,,,,,,ATK,Add,272,DEF,Add,190,,,
10073,201000,100,,FALSE,,,,,,,,,,,,,,,,,,,,,CDMG,Percentage,4,,,,,,
10074,201001,100,,FALSE,,,,,,,,,,,,,,,,,,,,,CDMG,Percentage,4,,,,,,
10075,201002,100,,FALSE,,,,,,,,,,,,,,,,,,,,,ATK,Add,9,,,,,,
10076,201003,100,,FALSE,,,,,,,,,,,,,,,,,,,,,ATK,Add,14,,,,,,
10077,201004,100,,FALSE,,,,,,,,,,,,,,,,,,,,,ATK,Add,20,,,,,,
10078,201005,100,,FALSE,,,,,,,,,,,,,,,,,,,,,HP,Add,176,,,,,,
10079,201006,100,,FALSE,,,,,,,,,,,,,,,,,,,,,HP,Add,265,,,,,,
10080,201007,100,,FALSE,,,,,,,,,,,,,,,,,,,,,HP,Add,363,,,,,,
10081,201008,100,,FALSE,,,,,,,,,,,,,,,,,,,,,HP,Add,587,,,,,,
10082,201009,100,,FALSE,,,,,,,,,,,,,,,,,,,,,HP,Add,782,,,,,,
10083,201010,100,,FALSE,,,,,,,,,,,,,,,,,,,,,HP,Add,993,,,,,,
10084,201011,100,,FALSE,,,,,,,,,,,,,,,,,,,,,ATK,Add,32,,,,,,
10085,201012,100,,FALSE,,,,,,,,,,,,,,,,,,,,,ATK,Add,43,,,,,,
10086,201013,100,,FALSE,,,,,,,,,,,,,,,,,,,,,ATK,Add,55,,,,,,
10087,201014,100,,FALSE,,,,,,,,,,,,,,,,,,,,,ATK,Add,73,,,,,,
10088,201015,100,,FALSE,,,,,,,,,,,,,,,,,,,,,ATK,Add,88,,,,,,
10089,201016,100,,FALSE,,,,,,,,,,,,,,,,,,,,,ATK,Add,105,,,,,,
10090,201017,100,,FALSE,,,,,,,,,,,,,,,,,,,,,HP,Add,1317,,,,,,
10091,201018,100,,FALSE,,,,,,,,,,,,,,,,,,,,,HP,Add,1578,,,,,,
10092,201019,100,,FALSE,,,,,,,,,,,,,,,,,,,,,HP,Add,1878,,,,,,
10093,201020,100,,FALSE,,,,,,,,,,,,,,,,,,,,,CDMG,Percentage,4,,,,,,
10094,201021,100,,FALSE,,,,,,,,,,,,,,,,,,,,,CDMG,Percentage,4,,,,,,
10095,201022,100,,FALSE,,,,,,,,,,,,,,,,,,,,,ATK,Add,148,,,,,,
10096,201023,100,,FALSE,,,,,,,,,,,,,,,,,,,,,ATK,Add,174,,,,,,
10097,201024,100,,FALSE,,,,,,,,,,,,,,,,,,,,,ATK,Add,211,,,,,,
10098,201025,100,,FALSE,,,,,,,,,,,,,,,,,,,,,HP,Add,2326,,,,,,
10099,201026,100,,FALSE,,,,,,,,,,,,,,,,,,,,,HP,Add,2659,,,,,,
10100,201027,100,,FALSE,,,,,,,,,,,,,,,,,,,,,HP,Add,3309,,,,,,
10101,201028,100,,FALSE,,,,,,,,,,,,,,,,,,,,,ATK,Add,275,,,,,,
10102,201029,100,,FALSE,,,,,,,,,,,,,,,,,,,,,ATK,Add,373,,,,,,
10103,201030,100,,FALSE,,,,,,,,,,,,,,,,,,,,,ATK,Add,681,,,,,,
10104,201031,100,,FALSE,,,,,,,,,,,,,,,,,,,,,DEF,Add,193,,,,,,
10105,201032,100,,FALSE,,,,,,,,,,,,,,,,,,,,,DEF,Add,261,,,,,,
10106,201033,100,,FALSE,,,,,,,,,,,,,,,,,,,,,DEF,Add,477,,,,,,
10141,201035,5,,FALSE,201038,5,,FALSE,,,,,,,,,,,,,,,,,ATK,Add,238,SPD,Add,226,,,
10142,201036,5,,FALSE,201039,5,,FALSE,,,,,,,,,,,,,,,,,ATK,Add,334,SPD,Add,317,,,
10143,201037,5,,FALSE,201040,5,,FALSE,,,,,,,,,,,,,,,,,ATK,Add,1482,SPD,Add,1398,,,
10144,201035,20,,FALSE,201038,20,,FALSE,,,,,,,,,,,,,,,,,ATK,Add,238,SPD,Add,226,,,
10145,201036,20,,FALSE,201039,20,,FALSE,,,,,,,,,,,,,,,,,ATK,Add,334,SPD,Add,317,,,
10146,201037,20,,FALSE,201040,20,,FALSE,,,,,,,,,,,,,,,,,ATK,Add,1482,SPD,Add,1398,,,
10147,201035,100,,FALSE,,,,,,,,,,,,,,,,,,,,,ATK,Add,1193,,,,,,
10148,201036,100,,FALSE,,,,,,,,,,,,,,,,,,,,,ATK,Add,1671,,,,,,
10149,201037,100,,FALSE,,,,,,,,,,,,,,,,,,,,,ATK,Add,7414,,,,,,
10150,201038,100,,FALSE,,,,,,,,,,,,,,,,,,,,,SPD,Add,1134,,,,,,
10151,201039,100,,FALSE,,,,,,,,,,,,,,,,,,,,,SPD,Add,1587,,,,,,
10152,201040,100,,FALSE,,,,,,,,,,,,,,,,,,,,,SPD,Add,6994,,,,,,
10153,900110,1,,FALSE,,,,,,,,,,,,,,,,,,,,,HP,Add,909,DEF,Add,181,,,
10154,900111,1,,FALSE,,,,,,,,,,,,,,,,,,,,,HP,Add,2248,DEF,Add,449,,,
10155,900112,1,,FALSE,,,,,,,,,,,,,,,,,,,,,HP,Add,5514,DEF,Add,1102,,,
100001,10620001,1,0,TRUE,,,,,,,,,,,,,,,,,,,,,HP,Add,70,ATK,Add,7,DEF,Add,4
100002,10630001,1,0,TRUE,,,,,,,,,,,,,,,,,,,,,HP,Add,140,ATK,Add,42,DEF,Add,21
100003,10640001,1,0,TRUE,,,,,,,,,,,,,,,,,,,,,HP,Add,2660,ATK,Add,490,DEF,Add,140
100004,10650001,1,0,TRUE,,,,,,,,,,,,,,,,,,,,,HP,Add,4620,ATK,Add,1120,DEF,Add,364
100005,10620002,1,0,TRUE,,,,,,,,,,,,,,,,,,,,,HP,Add,891,SPD,Add,32,,,
100006,10630002,1,0,TRUE,,,,,,,,,,,,,,,,,,,,,HP,Add,2430,SPD,Add,64,,,
100007,10640002,1,0,TRUE,,,,,,,,,,,,,,,,,,,,,HP,Add,8912,SPD,Add,541,,,
100008,10650003,1,0,TRUE,,,,,,,,,,,,,,,,,,,,,HP,Add,19444,SPD,Add,1277,,,
100009,10620003,1,0,TRUE,,,,,,,,,,,,,,,,,,,,,ATK,Add,46,DEF,Add,15,,,
100010,10630003,1,0,TRUE,,,,,,,,,,,,,,,,,,,,,ATK,Add,125,DEF,Add,31,,,
100011,10640003,1,0,TRUE,,,,,,,,,,,,,,,,,,,,,ATK,Add,460,DEF,Add,264,,,
100012,10650005,1,0,TRUE,,,,,,,,,,,,,,,,,,,,,ATK,Add,1005,DEF,Add,623,,,
100013,10620001,1,2,TRUE,,,,,,,,,,,,,,,,,,,,,HP,Add,211,ATK,Add,21,DEF,Add,12
100014,10630001,1,2,TRUE,,,,,,,,,,,,,,,,,,,,,HP,Add,423,ATK,Add,127,DEF,Add,63
100015,10640001,1,2,TRUE,,,,,,,,,,,,,,,,,,,,,HP,Add,8046,ATK,Add,1482,DEF,Add,423
100016,10650001,1,2,TRUE,,,,,,,,,,,,,,,,,,,,,HP,Add,13975,ATK,Add,3388,DEF,Add,1101
100017,10620002,1,2,TRUE,,,,,,,,,,,,,,,,,,,,,HP,Add,2695,SPD,Add,96,,,
100018,10630002,1,2,TRUE,,,,,,,,,,,,,,,,,,,,,HP,Add,7352,SPD,Add,193,,,
100019,10640002,1,2,TRUE,,,,,,,,,,,,,,,,,,,,,HP,Add,26958,SPD,Add,1638,,,
100020,10650003,1,2,TRUE,,,,,,,,,,,,,,,,,,,,,HP,Add,58818,SPD,Add,3864,,,
100021,10620003,1,2,TRUE,,,,,,,,,,,,,,,,,,,,,ATK,Add,139,DEF,Add,47,,,
100022,10630003,1,2,TRUE,,,,,,,,,,,,,,,,,,,,,ATK,Add,380,DEF,Add,94,,,
100023,10640003,1,2,TRUE,,,,,,,,,,,,,,,,,,,,,ATK,Add,1393,DEF,Add,799,,,
100024,10650005,1,2,TRUE,,,,,,,,,,,,,,,,,,,,,ATK,Add,3040,DEF,Add,1885,,,
100040,10610000,1,0,TRUE,,,,,,,,,,,,,,,,,,,,,HIT,Add,132,SPD,Add,96,,,
100041,10620000,1,0,TRUE,,,,,,,,,,,,,,,,,,,,,HIT,Add,270,SPD,Add,190,,,
100042,10630000,1,0,TRUE,,,,,,,,,,,,,,,,,,,,,HIT,Add,560,SPD,Add,400,,,
100043,10610000,1,2,TRUE,,,,,,,,,,,,,,,,,,,,,HIT,Add,159,SPD,Add,116,,,
100044,10620000,1,2,TRUE,,,,,,,,,,,,,,,,,,,,,HIT,Add,326,SPD,Add,229,,,
100045,10630000,1,2,TRUE,,,,,,,,,,,,,,,,,,,,,HIT,Add,677,SPD,Add,484,,,
100046,10620001,1,1,TRUE,10620002,1,1,TRUE,10620003,1,1,TRUE,10620000,1,1,TRUE,,,,,,,,,HP,Add,961,ATK,Add,72,SPD,Add,429
100047,10630001,1,1,TRUE,10630002,1,1,TRUE,10630003,1,1,TRUE,10630000,1,1,TRUE,,,,,,,,,HP,Add,2570,ATK,Add,219,SPD,Add,893
100048,10640001,1,1,TRUE,10640002,1,1,TRUE,10640003,1,1,TRUE,,,,,,,,,,,,,HP,Add,11572,ATK,Add,1354,SPD,Add,541
100049,10650001,1,1,TRUE,10650003,1,1,TRUE,10650005,1,1,TRUE,,,,,,,,,,,,,HP,Add,24064,ATK,Add,3112,SPD,Add,1277
100050,10620001,1,3,TRUE,,,,,,,,,,,,,,,,,,,,,HP,Add,251,ATK,Add,25,DEF,Add,15
100051,10630001,1,3,TRUE,,,,,,,,,,,,,,,,,,,,,HP,Add,508,ATK,Add,127,DEF,Add,63
100052,10640001,1,3,TRUE,,,,,,,,,,,,,,,,,,,,,HP,Add,9655,ATK,Add,1778,DEF,Add,508
100053,10650001,1,3,TRUE,,,,,,,,,,,,,,,,,,,,,HP,Add,16770,ATK,Add,4065,DEF,Add,1322
100054,10620002,1,3,TRUE,,,,,,,,,,,,,,,,,,,,,HP,Add,3234,SPD,Add,115,,,
100055,10630002,1,3,TRUE,,,,,,,,,,,,,,,,,,,,,HP,Add,8822,SPD,Add,231,,,
100056,10640002,1,3,TRUE,,,,,,,,,,,,,,,,,,,,,HP,Add,32349,SPD,Add,1965,,,
100057,10650003,1,3,TRUE,,,,,,,,,,,,,,,,,,,,,HP,Add,70581,SPD,Add,4636,,,
100058,10620003,1,3,TRUE,,,,,,,,,,,,,,,,,,,,,ATK,Add,166,DEF,Add,56,,,
100059,10630003,1,3,TRUE,,,,,,,,,,,,,,,,,,,,,ATK,Add,456,DEF,Add,112,,,
100060,10640003,1,3,TRUE,,,,,,,,,,,,,,,,,,,,,ATK,Add,1671,DEF,Add,958,,,
100061,10650005,1,3,TRUE,,,,,,,,,,,,,,,,,,,,,ATK,Add,3648,DEF,Add,2262,,,
100062,10610000,1,3,TRUE,,,,,,,,,,,,,,,,,,,,,HIT,Add,190,SPD,Add,139,,,
100063,10620000,1,3,TRUE,,,,,,,,,,,,,,,,,,,,,HIT,Add,391,SPD,Add,274,,,
100064,10630000,1,3,TRUE,,,,,,,,,,,,,,,,,,,,,HIT,Add,812,SPD,Add,580,,,
100065,10640004,1,0,TRUE,,,,,,,,,,,,,,,,,,,,,DEF,Add,3153,HP,Add,18376,ATK,Add,2305
100066,10650007,1,0,TRUE,,,,,,,,,,,,,,,,,,,,,DEF,Add,7883,HP,Add,43341,ATK,Add,4980
100067,10660000,1,0,TRUE,,,,,,,,,,,,,,,,,,,,,DEF,Add,15767,HP,Add,65011,ATK,Add,7115
200011,40100015,1,,FALSE,,,,,,,,,,,,,,,,,,,,,SPD,Add,296,ATK,Add,129,,,
200012,40100021,1,,FALSE,,,,,,,,,,,,,,,,,,,,,DEF,Add,218,SPD,Add,298,,,
200013,40100025,1,,FALSE,,,,,,,,,,,,,,,,,,,,,HIT,Add,315,DEF,Add,106,,,
200014,40100016,1,,FALSE,,,,,,,,,,,,,,,,,,,,,HIT,Add,479,ATK,Add,500,HP,Add,1000
200015,40100013,1,,FALSE,,,,,,,,,,,,,,,,,,,,,ATK,Add,486,HIT,Add,478,,,
200016,40100014,1,,FALSE,,,,,,,,,,,,,,,,,,,,,ATK,Add,486,SPD,Add,494,,,
200017,40100017,1,,FALSE,,,,,,,,,,,,,,,,,,,,,DEF,Add,272,ATK,Add,365,,,
200018,40100018,1,,FALSE,,,,,,,,,,,,,,,,,,,,,ATK,Add,913,HIT,Add,577,,,
200019,40100020,1,,FALSE,,,,,,,,,,,,,,,,,,,,,HP,Add,29828,HIT,Add,1516,,,
200020,40100023,1,,FALSE,,,,,,,,,,,,,,,,,,,,,DEF,Add,819,HP,Add,14203,,,
200021,40100024,1,,FALSE,,,,,,,,,,,,,,,,,,,,,ATK,Add,526,SPD,Add,535,,,
200022,40100026,1,,FALSE,,,,,,,,,,,,,,,,,,,,,ATK,Add,1067,HP,Add,26040,,,
200023,40100028,1,,FALSE,,,,,,,,,,,,,,,,,,,,,SPD,Add,578,DEF,Add,180,,,
200024,40100029,1,,FALSE,,,,,,,,,,,,,,,,,,,,,ATK,Add,575,DEF,Add,638,,,
200025,40100022,1,,FALSE,,,,,,,,,,,,,,,,,,,,,HP,Add,8000,HIT,Add,4000,,,
200026,40100027,1,,FALSE,,,,,,,,,,,,,,,,,,,,,ATK,Add,1000,DEF,Add,1000,,,
200027,40100030,1,,FALSE,,,,,,,,,,,,,,,,,,,,,HP,Add,20000,SPD,Add,5000,,,
200028,40100012,1,,FALSE,,,,,,,,,,,,,,,,,,,,,SPD,Add,9038,HP,Add,16946,,,
200029,40100036,1,,FALSE,,,,,,,,,,,,,,,,,,,,,HP,Add,21453,DEF,Add,946,,,
300001,49900011,1,,FALSE,,,,,,,,,,,,,,,,,,,,,DEF,Add,381,,,,,,
300002,49900013,1,,FALSE,,,,,,,,,,,,,,,,,,,,,HP,Add,9933,,,,,,
300003,49900014,1,,FALSE,,,,,,,,,,,,,,,,,,,,,ATK,Add,900,,,,,,
300004,49900015,1,,FALSE,,,,,,,,,,,,,,,,,,,,,HP,Add,8443,ATK,Add,361,,,
300005,49900016,1,,FALSE,,,,,,,,,,,,,,,,,,,,,HP,Add,13968,,,,,,
300006,49900017,1,,FALSE,,,,,,,,,,,,,,,,,,,,,ATK,Add,404,DEF,Add,2086,,,
300007,49900018,1,,FALSE,,,,,,,,,,,,,,,,,,,,,HP,Add,13111,SPD,Add,5969,,,
300008,49900019,1,,FALSE,,,,,,,,,,,,,,,,,,,,,SPD,Add,6998,ATK,Add,1173,,,
300009,49900020,1,,FALSE,,,,,,,,,,,,,,,,,,,,,ATK,Add,3130,HP,Add,10726,,,
300010,49900021,1,,FALSE,,,,,,,,,,,,,,,,,,,,,HP,Add,28605,DEF,Add,2312,,,
1000101,500000,10,,FALSE,,,,,,,,,,,,,,,,,,,,,DEF,Add,309,,,,,,
1000102,500000,100,,FALSE,,,,,,,,,,,,,,,,,,,,,DEF,Add,588,,,,,,
1000103,500000,300,,FALSE,,,,,,,,,,,,,,,,,,,,,DEF,Add,1185,,,,,,
1000104,400000,1000,,FALSE,,,,,,,,,,,,,,,,,,,,,HIT,Add,363,HP,Add,1192,,,
1000105,400000,10000,,FALSE,,,,,,,,,,,,,,,,,,,,,HIT,Add,688,HP,Add,2254,,,
1000106,400000,100000,,FALSE,,,,,,,,,,,,,,,,,,,,,HIT,Add,3383,HP,Add,3970,,,
1000107,800201,100,,FALSE,,,,,,,,,,,,,,,,,,,,,HP,Add,1788,,,,,,
1000108,800201,1000,,FALSE,,,,,,,,,,,,,,,,,,,,,HP,Add,3381,,,,,,
1000109,800201,3000,,FALSE,,,,,,,,,,,,,,,,,,,,,HP,Add,5955,,,,,,
1000110,600201,5,,FALSE,,,,,,,,,,,,,,,,,,,,,HP,Add,1500,,,,,,
1000111,600201,20,,FALSE,,,,,,,,,,,,,,,,,,,,,HP,Add,3951,,,,,,
1000112,600201,20,,FALSE,,,,,,,,,,,,,,,,,,,,,ATK,Add,687,,,,,,
1000113,600201,20,,FALSE,,,,,,,,,,,,,,,,,,,,,DEF,Add,675,,,,,,
1000114,600201,20,,FALSE,,,,,,,,,,,,,,,,,,,,,HIT,Add,2406,,,,,,
1000115,600201,20,,FALSE,,,,,,,,,,,,,,,,,,,,,SPD,Add,3135,,,,,,
1000116,600201,100,,FALSE,,,,,,,,,,,,,,,,,,,,,CDMG,Percentage,10,,,,,,
1000117,600201,100,,FALSE,,,,,,,,,,,,,,,,,,,,,HP,Add,9000,,,,,,
1000118,600202,5,,FALSE,,,,,,,,,,,,,,,,,,,,,ATK,Add,1236,,,,,,
1000119,600202,5,,FALSE,,,,,,,,,,,,,,,,,,,,,DEF,Add,1236,,,,,,
1000120,600202,20,,FALSE,,,,,,,,,,,,,,,,,,,,,ATK,Percentage,2,,,,,,
1000121,600202,20,,FALSE,,,,,,,,,,,,,,,,,,,,,HP,Percentage,2,,,,,,
1000122,600202,20,,FALSE,,,,,,,,,,,,,,,,,,,,,SPD,Percentage,2,,,,,,
1000123,600202,20,,FALSE,,,,,,,,,,,,,,,,,,,,,DEF,Percentage,2,,,,,,
1000124,600202,20,,FALSE,,,,,,,,,,,,,,,,,,,,,HIT,Percentage,2,,,,,,
1000125,600202,20,,FALSE,,,,,,,,,,,,,,,,,,,,,CDMG,Percentage,10,,,,,,
1000126,600202,20,,FALSE,,,,,,,,,,,,,,,,,,,,,ATK,Add,2500,,,,,,
1000127,600202,20,,FALSE,,,,,,,,,,,,,,,,,,,,,HP,Add,14000,,,,,,
1000128,600202,20,,FALSE,,,,,,,,,,,,,,,,,,,,,SPD,Add,5000,,,,,,
1000129,600202,20,,FALSE,,,,,,,,,,,,,,,,,,,,,DEF,Add,2500,,,,,,
1000130,600202,20,,FALSE,,,,,,,,,,,,,,,,,,,,,HIT,Add,10000,,,,,,
1000131,600202,80,,FALSE,,,,,,,,,,,,,,,,,,,,,ATK,Add,4000,HP,Add,8000,,,
1000132,600202,80,,FALSE,,,,,,,,,,,,,,,,,,,,,HP,Add,25000,,,,,,
1000133,600202,80,,FALSE,,,,,,,,,,,,,,,,,,,,,SPD,Add,8000,HP,Add,8000,,,
1000134,600202,80,,FALSE,,,,,,,,,,,,,,,,,,,,,DEF,Add,4000,HP,Add,8000,,,
1000135,600202,80,,FALSE,,,,,,,,,,,,,,,,,,,,,HIT,Add,16000,HP,Add,8000,,,
1000136,600201,40,,FALSE,,,,,,,,,,,,,,,,,,,,,ATK,Add,1032,,,,,,
1000137,600201,40,,FALSE,,,,,,,,,,,,,,,,,,,,,HP,Add,5928,,,,,,
1000138,600201,80,,FALSE,,,,,,,,,,,,,,,,,,,,,DEF,Add,1350,,,,,,
1000139,600201,80,,FALSE,,,,,,,,,,,,,,,,,,,,,HIT,Add,4812,,,,,,
1000140,600201,80,,FALSE,,,,,,,,,,,,,,,,,,,,,SPD,Add,6270,,,,,,
1000141,600201,80,,FALSE,,,,,,,,,,,,,,,,,,,,,CDMG,Percentage,8,,,,,,
1000142,600202,40,,FALSE,,,,,,,,,,,,,,,,,,,,,ATK,Add,3750,,,,,,
1000143,600202,40,,FALSE,,,,,,,,,,,,,,,,,,,,,HP,Add,20000,,,,,,
1000144,600202,100,,FALSE,,,,,,,,,,,,,,,,,,,,,ATK,Percentage,3,,,,,,
1000145,600202,100,,FALSE,,,,,,,,,,,,,,,,,,,,,HP,Percentage,3,,,,,,
1000146,600202,100,,FALSE,,,,,,,,,,,,,,,,,,,,,SPD,Percentage,3,,,,,,
1000147,600202,100,,FALSE,,,,,,,,,,,,,,,,,,,,,DEF,Percentage,3,,,,,,
1000148,600202,100,,FALSE,,,,,,,,,,,,,,,,,,,,,HIT,Percentage,3,,,,,,
1000149,800202,10,,FALSE,,,,,,,,,,,,,,,,,,,,,ATK,Add,2500,,,,,,
1000150,800202,10,,FALSE,,,,,,,,,,,,,,,,,,,,,HP,Add,14000,,,,,,
1000151,800202,10,,FALSE,,,,,,,,,,,,,,,,,,,,,SPD,Add,5000,,,,,,
1000152,800202,10,,FALSE,,,,,,,,,,,,,,,,,,,,,DEF,Add,2500,,,,,,
1000153,800202,20,,FALSE,,,,,,,,,,,,,,,,,,,,,ATK,Percentage,4,,,,,,
1000154,800202,20,,FALSE,,,,,,,,,,,,,,,,,,,,,HP,Percentage,4,,,,,,
1000155,800202,20,,FALSE,,,,,,,,,,,,,,,,,,,,,SPD,Percentage,4,,,,,,
1000156,800202,20,,FALSE,,,,,,,,,,,,,,,,,,,,,DEF,Percentage,4,,,,,,
1000157,800202,40,,FALSE,,,,,,,,,,,,,,,,,,,,,ATK,Add,4000,HP,Add,8000,,,
1000158,800202,40,,FALSE,,,,,,,,,,,,,,,,,,,,,SPD,Add,8000,HP,Add,8000,,,
1000159,800202,40,,FALSE,,,,,,,,,,,,,,,,,,,,,DEF,Add,4000,HP,Add,8000,,,
1000160,800202,40,,FALSE,,,,,,,,,,,,,,,,,,,,,HIT,Add,16000,HP,Add,8000,,,
1000161,800202,60,,FALSE,,,,,,,,,,,,,,,,,,,,,ATK,Add,5000,HP,Add,10000,,,
1000162,800202,60,,FALSE,,,,,,,,,,,,,,,,,,,,,DEF,Add,5000,HP,Add,10000,,,
1000163,800202,60,,FALSE,,,,,,,,,,,,,,,,,,,,,HIT,Add,20000,HP,Add,10000,,,
1000164,800202,60,,FALSE,,,,,,,,,,,,,,,,,,,,,SPD,Add,10000,HP,Add,10000,,,
1000165,800202,40,,FALSE,,,,,,,,,,,,,,,,,,,,,CDMG,Percentage,40,,,,,,
1000166,600202,40,,FALSE,,,,,,,,,,,,,,,,,,,,,DEF,Add,3750,,,,,,
1000167,600202,40,,FALSE,,,,,,,,,,,,,,,,,,,,,SPD,Add,7000,,,,,,
1000168,600202,40,,FALSE,,,,,,,,,,,,,,,,,,,,,HIT,Add,14000,,,,,,
1000169,600202,40,,FALSE,,,,,,,,,,,,,,,,,,,,,CDMG,Percentage,20,,,,,,
1000170,600203,20,,FALSE,,,,,,,,,,,,,,,,,,,,,ATK,Add,5000,,,,,,
1000171,600203,20,,FALSE,,,,,,,,,,,,,,,,,,,,,HP,Add,28000,,,,,,
1000172,600203,20,,FALSE,,,,,,,,,,,,,,,,,,,,,SPD,Add,10000,,,,,,
1000173,600203,20,,FALSE,,,,,,,,,,,,,,,,,,,,,DEF,Add,5000,,,,,,
1000174,600203,20,,FALSE,,,,,,,,,,,,,,,,,,,,,HIT,Add,20000,,,,,,
1000175,600203,20,,FALSE,,,,,,,,,,,,,,,,,,,,,ATK,Percentage,4,,,,,,
1000176,600203,20,,FALSE,,,,,,,,,,,,,,,,,,,,,HP,Percentage,4,,,,,,
1000177,600203,20,,FALSE,,,,,,,,,,,,,,,,,,,,,SPD,Percentage,4,,,,,,
1000178,600203,20,,FALSE,,,,,,,,,,,,,,,,,,,,,DEF,Percentage,4,,,,,,
1000179,600203,20,,FALSE,,,,,,,,,,,,,,,,,,,,,HIT,Percentage,4,,,,,,